ID,Name,Age,Department,Salary,Joining Date
1,Name_1,20,Engineering,67610,2013-02-09
2,Name_2,23,Engineering,72613,2012-12-14
3,Name_3,23,Marketing,78327,2016-09-17
4,Name_4,59,Marketing,119888,2021-10-05
5,Name_5,29,Marketing,102410,2020-10-16
6,Name_6,39,HR,77660,2019-08-01
7,Name_7,41,Marketing,55046,2012-07-29
8,Name_8,56,Engineering,97903,2014-07-05
9,Name_9,43,Marketing,111226,2020-04-16
10,Name_10,26,Sales,118932,2017-06-15
11,Name_11,44,Engineering,86730,2022-03-30
12,Name_12,44,Sales,58913,2017-11-25
13,Name_13,32,HR,74838,2015-01-13
14,Name_14,21,Marketing,119040,2012-07-17
15,Name_15,58,Engineering,113160,2021-10-17
16,Name_16,59,Sales,52441,2013-12-18
17,Name_17,43,Engineering,109202,2022-05-08
18,Name_18,44,Sales,51188,2019-01-09
19,Name_19,37,Engineering,104772,2015-03-19
20,Name_20,57,Sales,65424,2020-11-13
21,Name_21,45,HR,79837,2020-12-14
22,Name_22,33,Sales,81979,2013-02-02
23,Name_23,28,Sales,108882,2011-12-05
24,Name_24,29,Engineering,118005,2016-02-10
25,Name_25,40,Sales,84526,2019-04-16
26,Name_26,36,Sales,86817,2012-05-19
27,Name_27,25,Marketing,108883,2019-09-12
28,Name_28,35,Sales,66495,2015-08-16
29,Name_29,20,Marketing,117315,2012-11-25
30,Name_30,38,Engineering,101133,2022-11-26
31,Name_31,55,Sales,118074,2018-11-03
32,Name_32,44,HR,112418,2020-01-24
33,Name_33,49,Engineering,84595,2015-12-26
34,Name_34,39,HR,94826,2010-10-27
35,Name_35,39,Marketing,118977,2014-07-26
36,Name_36,34,Marketing,55479,2021-07-05
37,Name_37,59,HR,55674,2020-11-23
38,Name_38,52,HR,111230,2014-02-03
39,Name_39,21,HR,107515,2017-04-20
40,Name_40,29,Engineering,103310,2014-11-06
41,Name_41,52,HR,94234,2010-05-13
42,Name_42,51,Sales,105945,2014-08-21
43,Name_43,30,Engineering,69296,2010-11-13
44,Name_44,43,Marketing,118990,2010-01-03
45,Name_45,55,HR,111153,2018-04-27
46,Name_46,31,Marketing,53901,2012-12-29
47,Name_47,48,Sales,82236,2014-05-03
48,Name_48,54,HR,109747,2013-05-13
49,Name_49,20,Marketing,57831,2014-08-09
50,Name_50,20,Sales,73805,2015-10-29
51,Name_51,56,HR,118328,2017-07-07
52,Name_52,25,Sales,115815,2014-03-20
53,Name_53,58,HR,63116,2020-04-30
54,Name_54,37,Sales,116351,2016-08-13
55,Name_55,35,Marketing,92639,2013-03-29
56,Name_56,24,Engineering,112500,2022-06-17
57,Name_57,51,HR,67194,2015-08-10
58,Name_58,21,HR,74318,2010-04-08
59,Name_59,21,Engineering,82723,2018-11-22
60,Name_60,59,Marketing,54829,2019-02-22
61,Name_61,55,HR,85907,2015-03-11
62,Name_62,58,Engineering,119919,2013-09-04
63,Name_63,31,Engineering,52845,2016-02-17
64,Name_64,38,Marketing,76563,2017-08-23
65,Name_65,47,Engineering,81002,2010-06-19
66,Name_66,20,HR,70477,2021-12-26
67,Name_67,34,Marketing,70713,2020-10-24
68,Name_68,55,Sales,94517,2016-09-04
69,Name_69,32,Sales,70747,2010-03-13
70,Name_70,40,HR,53409,2020-06-13
71,Name_71,31,Engineering,61063,2012-08-17
72,Name_72,24,Marketing,59515,2012-02-06
73,Name_73,26,Sales,89235,2021-01-20
74,Name_74,24,Marketing,62820,2014-04-24
75,Name_75,23,HR,95531,2015-06-11
76,Name_76,32,HR,50511,2013-07-11
77,Name_77,56,Marketing,54366,2011-01-06
78,Name_78,34,Marketing,66654,2019-01-02
79,Name_79,35,HR,76704,2021-03-06
80,Name_80,40,HR,98611,2014-09-17
81,Name_81,55,Engineering,115983,2013-08-16
82,Name_82,43,Sales,87237,2017-07-29
83,Name_83,35,Engineering,114667,2018-01-01
84,Name_84,33,Marketing,90294,2022-05-20
85,Name_85,41,Sales,94759,2021-11-14
86,Name_86,25,Engineering,85351,2018-10-07
87,Name_87,55,Sales,52881,2017-09-04
88,Name_88,20,Engineering,118373,2013-11-08
89,Name_89,51,Marketing,111881,2012-12-16
90,Name_90,25,HR,101780,2010-12-03
91,Name_91,50,Sales,71272,2021-10-06
92,Name_92,20,Marketing,93350,2022-03-16
93,Name_93,56,Marketing,64609,2014-08-12
94,Name_94,54,HR,71729,2021-09-27
95,Name_95,49,HR,61858,2013-12-22
96,Name_96,23,HR,105050,2022-05-03
97,Name_97,54,Sales,84333,2010-05-09
98,Name_98,33,HR,82907,2016-10-07
99,Name_99,59,Sales,91287,2011-01-22
100,Name_100,41,HR,86410,2013-05-07
101,Name_101,29,Engineering,74533,2018-01-26
102,Name_102,20,Engineering,72855,2020-08-06
103,Name_103,30,Marketing,83260,2012-02-21
104,Name_104,43,Engineering,66723,2012-06-03
105,Name_105,22,HR,80745,2011-10-19
106,Name_106,54,Sales,109565,2013-04-29
107,Name_107,55,Sales,84169,2010-01-28
108,Name_108,50,HR,57299,2020-06-27
109,Name_109,23,Sales,50884,2022-09-25
110,Name_110,38,Marketing,89892,2017-05-16
111,Name_111,55,Engineering,54081,2020-06-14
112,Name_112,40,HR,50851,2011-02-04
113,Name_113,37,Engineering,52597,2015-06-04
114,Name_114,47,Engineering,94761,2022-08-20
115,Name_115,34,HR,108887,2020-06-24
116,Name_116,21,HR,102156,2022-11-15
117,Name_117,56,Engineering,80885,2017-11-14
118,Name_118,30,HR,65956,2015-04-30
119,Name_119,42,Engineering,106314,2014-06-01
120,Name_120,31,Engineering,80992,2021-05-09
121,Name_121,22,Engineering,96765,2010-06-27
122,Name_122,36,HR,51512,2013-12-07
123,Name_123,52,HR,90481,2012-10-15
124,Name_124,20,Marketing,76433,2016-11-02
125,Name_125,58,Engineering,105497,2020-02-10
126,Name_126,39,Engineering,72615,2020-06-21
127,Name_127,33,Engineering,88212,2012-12-10
128,Name_128,50,Marketing,75606,2016-09-05
129,Name_129,44,Engineering,107185,2015-07-18
130,Name_130,22,Marketing,84162,2020-08-02
131,Name_131,23,Marketing,104015,2016-06-23
132,Name_132,50,HR,61836,2017-06-29
133,Name_133,54,Marketing,81960,2022-07-27
134,Name_134,33,HR,98761,2013-03-20
135,Name_135,28,Sales,93466,2012-02-22
136,Name_136,39,Engineering,71277,2010-11-16
137,Name_137,51,Sales,116799,2015-02-21
138,Name_138,28,Engineering,86892,2022-10-05
139,Name_139,46,Marketing,73704,2011-01-27
140,Name_140,22,HR,87330,2018-07-06
141,Name_141,23,Marketing,109029,2019-09-07
142,Name_142,34,Engineering,69718,2019-01-20
143,Name_143,52,Engineering,97188,2016-09-18
144,Name_144,24,Marketing,53703,2017-02-11
145,Name_145,23,Engineering,114795,2014-10-29
146,Name_146,31,Engineering,85738,2018-12-01
147,Name_147,42,Sales,111888,2010-09-09
148,Name_148,33,Marketing,56949,2012-02-22
149,Name_149,31,Sales,64343,2018-10-05
150,Name_150,36,Marketing,101851,2011-10-17
151,Name_151,44,Sales,76604,2022-11-06
152,Name_152,49,HR,97490,2011-07-19
153,Name_153,41,Engineering,59733,2020-05-15
154,Name_154,45,Engineering,110177,2019-02-07
155,Name_155,36,Marketing,107082,2020-08-29
156,Name_156,39,Marketing,63393,2014-02-10
157,Name_157,53,Marketing,115646,2012-04-15
158,Name_158,52,Sales,85436,2016-04-11
159,Name_159,56,Marketing,116590,2015-01-11
160,Name_160,26,Engineering,115664,2013-05-27
161,Name_161,41,Marketing,68269,2019-06-15
162,Name_162,51,Engineering,70351,2021-10-25
163,Name_163,33,Sales,77581,2014-11-30
164,Name_164,27,Engineering,101454,2016-02-15
165,Name_165,44,HR,101613,2015-10-16
166,Name_166,35,Engineering,100779,2017-01-01
167,Name_167,38,HR,51010,2021-01-10
168,Name_168,35,Sales,83979,2019-12-29
169,Name_169,31,Engineering,95119,2012-12-28
170,Name_170,58,Sales,105006,2012-11-14
171,Name_171,49,Sales,108981,2020-10-22
172,Name_172,21,HR,64479,2019-04-28
173,Name_173,51,Sales,77625,2022-01-04
174,Name_174,44,Engineering,100925,2015-06-17
175,Name_175,44,HR,74081,2013-08-09
176,Name_176,23,Sales,92933,2021-12-07
177,Name_177,38,Marketing,65766,2018-02-09
178,Name_178,23,HR,107611,2011-05-22
179,Name_179,32,Engineering,117465,2014-07-09
180,Name_180,58,Engineering,113986,2010-06-28
181,Name_181,55,Marketing,94982,2012-02-24
182,Name_182,42,HR,50947,2018-10-05
183,Name_183,25,Marketing,78719,2011-04-05
184,Name_184,43,HR,94529,2010-06-10
185,Name_185,52,HR,64590,2015-03-10
186,Name_186,31,Marketing,94406,2022-07-06
187,Name_187,40,Marketing,102652,2022-09-21
188,Name_188,30,HR,72728,2010-11-29
189,Name_189,57,Sales,66876,2015-04-23
190,Name_190,48,HR,95074,2012-12-24
191,Name_191,22,Engineering,66889,2016-10-09
192,Name_192,47,Engineering,100405,2013-03-20
193,Name_193,39,Marketing,113076,2015-08-15
194,Name_194,45,HR,83130,2013-11-27
195,Name_195,43,Sales,52205,2017-07-20
196,Name_196,40,Sales,92139,2015-08-25
197,Name_197,49,Marketing,73185,2010-01-11
198,Name_198,23,Marketing,99547,2010-11-03
199,Name_199,55,Marketing,53377,2017-08-03
200,Name_200,59,Marketing,54440,2017-10-21
201,Name_201,29,Sales,108883,2010-01-04
202,Name_202,29,Engineering,66015,2014-06-07
203,Name_203,43,Sales,78601,2017-05-19
204,Name_204,23,Engineering,99283,2018-07-05
205,Name_205,46,Engineering,74438,2022-10-11
206,Name_206,23,Engineering,106292,2022-12-23
207,Name_207,51,Sales,56076,2016-02-25
208,Name_208,29,HR,92919,2018-05-04
209,Name_209,30,Marketing,63822,2014-09-16
210,Name_210,47,Marketing,103405,2018-05-17
211,Name_211,27,HR,69381,2017-11-22
212,Name_212,59,Sales,95123,2011-08-07
213,Name_213,41,Sales,105499,2018-06-10
214,Name_214,53,HR,106695,2015-11-28
215,Name_215,54,Engineering,71583,2015-12-01
216,Name_216,54,Sales,54698,2010-01-06
217,Name_217,44,Engineering,106545,2011-03-13
218,Name_218,53,Sales,71515,2019-08-23
219,Name_219,25,HR,90439,2011-01-25
220,Name_220,56,Marketing,109525,2010-08-21
221,Name_221,20,Marketing,67310,2014-05-30
222,Name_222,31,Marketing,84372,2022-12-27
223,Name_223,54,Sales,91504,2014-12-27
224,Name_224,25,HR,103029,2010-12-05
225,Name_225,36,Engineering,90107,2021-05-06
226,Name_226,28,Marketing,58829,2016-10-28
227,Name_227,21,Engineering,95613,2010-10-25
228,Name_228,37,Marketing,78391,2019-12-13
229,Name_229,55,Engineering,99947,2017-07-11
230,Name_230,47,Sales,112493,2022-09-08
231,Name_231,56,Sales,58318,2011-10-22
232,Name_232,45,Engineering,109489,2013-06-23
233,Name_233,23,Sales,53278,2011-08-27
234,Name_234,59,Engineering,61531,2018-11-01
235,Name_235,55,Sales,119066,2020-08-04
236,Name_236,50,Sales,58025,2018-04-20
237,Name_237,49,Engineering,59906,2011-04-12
238,Name_238,53,Marketing,57208,2012-08-19
239,Name_239,38,Marketing,56430,2019-03-17
240,Name_240,37,HR,70043,2011-08-29
241,Name_241,49,HR,79987,2015-07-12
242,Name_242,40,Marketing,54564,2021-11-09
243,Name_243,22,Engineering,92559,2014-04-16
244,Name_244,25,HR,54868,2015-04-14
245,Name_245,57,Marketing,79361,2016-10-22
246,Name_246,32,Sales,65165,2020-08-03
247,Name_247,22,Marketing,50603,2011-01-27
248,Name_248,47,HR,73763,2020-04-06
249,Name_249,41,Sales,107704,2021-09-02
250,Name_250,59,Marketing,88834,2010-04-03
251,Name_251,59,Marketing,60463,2013-12-16
252,Name_252,31,Engineering,70318,2020-12-02
253,Name_253,42,Sales,65347,2012-02-21
254,Name_254,50,Sales,81523,2021-07-07
255,Name_255,37,Sales,62079,2014-09-01
256,Name_256,26,Marketing,52096,2019-10-02
257,Name_257,27,Marketing,73157,2018-10-04
258,Name_258,38,HR,77203,2021-05-17
259,Name_259,48,Engineering,102859,2015-11-22
260,Name_260,39,HR,74263,2013-01-02
261,Name_261,49,Engineering,101493,2017-02-22
262,Name_262,41,HR,118613,2021-12-18
263,Name_263,29,Engineering,115591,2010-11-02
264,Name_264,45,HR,117622,2013-01-18
265,Name_265,52,Marketing,117848,2018-03-21
266,Name_266,47,Engineering,88210,2018-05-07
267,Name_267,29,Sales,104334,2021-11-24
268,Name_268,48,Engineering,109408,2021-07-13
269,Name_269,37,HR,71693,2017-12-16
270,Name_270,20,Marketing,119002,2016-05-24
271,Name_271,42,Engineering,86884,2018-10-02
272,Name_272,36,Sales,88670,2016-12-16
273,Name_273,56,Sales,53704,2017-07-06
274,Name_274,50,Sales,115588,2012-04-18
275,Name_275,44,Marketing,110367,2019-03-17
276,Name_276,23,Sales,50819,2014-02-19
277,Name_277,28,Engineering,57200,2011-10-20
278,Name_278,47,HR,74983,2013-10-28
279,Name_279,49,HR,108203,2012-07-24
280,Name_280,43,Engineering,109512,2021-01-06
281,Name_281,52,HR,116635,2010-11-13
282,Name_282,39,Sales,52556,2012-09-25
283,Name_283,28,Marketing,71411,2016-03-31
284,Name_284,27,HR,74638,2022-05-16
285,Name_285,43,Sales,113294,2021-02-06
286,Name_286,33,HR,115978,2017-02-10
287,Name_287,37,Engineering,110946,2013-07-24
288,Name_288,20,Engineering,64036,2017-11-02
289,Name_289,31,HR,67101,2011-04-23
290,Name_290,48,HR,59818,2010-10-16
291,Name_291,56,Sales,96192,2016-10-23
292,Name_292,45,HR,96229,2019-07-08
293,Name_293,52,Marketing,68281,2018-05-11
294,Name_294,34,HR,105697,2019-11-16
295,Name_295,42,Engineering,80107,2010-03-28
296,Name_296,48,Marketing,110848,2016-12-15
297,Name_297,40,HR,79910,2011-07-28
298,Name_298,38,Sales,65199,2012-08-08
299,Name_299,24,HR,114473,2012-11-28
300,Name_300,42,Engineering,89132,2020-05-25
301,Name_301,55,Engineering,77055,2011-11-20
302,Name_302,39,Engineering,94766,2022-05-12
303,Name_303,27,Engineering,105421,2018-03-25
304,Name_304,28,HR,67756,2014-09-26
305,Name_305,33,Engineering,69961,2018-11-29
306,Name_306,25,Engineering,58008,2018-01-04
307,Name_307,20,Sales,93014,2010-05-26
308,Name_308,28,HR,83671,2016-05-27
309,Name_309,35,Engineering,62151,2020-12-25
310,Name_310,35,Engineering,63816,2010-05-22
311,Name_311,31,Sales,98933,2021-04-06
312,Name_312,24,Engineering,70913,2020-08-07
313,Name_313,59,Engineering,65892,2014-04-07
314,Name_314,48,Sales,103725,2021-11-01
315,Name_315,46,Engineering,69319,2020-03-02
316,Name_316,30,Engineering,79111,2012-08-01
317,Name_317,47,Sales,101897,2013-04-05
318,Name_318,55,Engineering,52688,2020-09-08
319,Name_319,38,Sales,69506,2013-03-29
320,Name_320,54,Engineering,114451,2017-09-11
321,Name_321,50,HR,113228,2021-07-12
322,Name_322,38,HR,53621,2013-06-18
323,Name_323,43,Engineering,105224,2015-02-04
324,Name_324,21,HR,51918,2016-10-05
325,Name_325,26,HR,62933,2022-10-20
326,Name_326,50,HR,58144,2015-09-01
327,Name_327,36,Sales,104746,2016-01-07
328,Name_328,46,HR,50966,2019-04-09
329,Name_329,55,Marketing,113833,2016-06-28
330,Name_330,29,Sales,53275,2020-06-01
331,Name_331,33,Marketing,92641,2017-11-03
332,Name_332,26,HR,71151,2012-11-22
333,Name_333,58,HR,70570,2021-11-04
334,Name_334,59,Marketing,79735,2014-08-25
335,Name_335,28,Engineering,83525,2013-06-05
336,Name_336,33,HR,100762,2014-06-28
337,Name_337,27,Sales,97398,2017-04-13
338,Name_338,36,Marketing,89492,2020-03-10
339,Name_339,42,Marketing,95607,2022-02-04
340,Name_340,35,HR,119759,2021-11-10
341,Name_341,45,Marketing,99165,2021-07-31
342,Name_342,28,Marketing,108531,2016-04-01
343,Name_343,55,Sales,91446,2021-10-02
344,Name_344,26,Engineering,50359,2017-05-19
345,Name_345,37,Engineering,70811,2010-01-20
346,Name_346,27,Marketing,105280,2015-07-28
347,Name_347,40,Engineering,80116,2017-11-07
348,Name_348,45,Marketing,87970,2018-03-02
349,Name_349,22,Engineering,113216,2017-09-08
350,Name_350,36,Engineering,74812,2011-10-16
351,Name_351,43,Sales,76265,2010-01-12
352,Name_352,44,Marketing,53422,2012-05-05
353,Name_353,24,Sales,82869,2011-07-21
354,Name_354,56,HR,88587,2022-10-28
355,Name_355,43,Engineering,108747,2016-06-02
356,Name_356,50,HR,107310,2022-11-17
357,Name_357,45,Marketing,71497,2011-05-31
358,Name_358,40,Marketing,79755,2011-05-19
359,Name_359,53,Marketing,92170,2013-02-28
360,Name_360,57,HR,86114,2015-06-15
361,Name_361,43,HR,52945,2021-12-03
362,Name_362,47,Marketing,63595,2021-12-26
363,Name_363,49,Marketing,60179,2020-08-22
364,Name_364,53,HR,83552,2015-08-27
365,Name_365,42,Marketing,101836,2021-08-03
366,Name_366,27,Engineering,86614,2011-12-23
367,Name_367,29,Marketing,73040,2013-02-18
368,Name_368,20,Engineering,72535,2019-06-05
369,Name_369,39,Sales,84619,2020-01-25
370,Name_370,56,HR,89332,2022-10-31
371,Name_371,37,Engineering,86565,2019-08-14
372,Name_372,40,HR,114113,2011-08-13
373,Name_373,23,HR,69656,2022-10-09
374,Name_374,21,Sales,81343,2014-12-01
375,Name_375,40,Marketing,102390,2013-09-01
376,Name_376,56,Engineering,72596,2020-02-04
377,Name_377,24,Engineering,111531,2016-08-12
378,Name_378,36,Engineering,91741,2018-06-04
379,Name_379,30,Sales,66712,2012-10-21
380,Name_380,50,Marketing,75740,2012-07-23
381,Name_381,47,HR,57696,2018-10-12
382,Name_382,51,HR,117845,2015-03-23
383,Name_383,40,Engineering,102776,2010-11-20
384,Name_384,26,HR,98029,2018-10-01
385,Name_385,29,Sales,74854,2018-08-08
386,Name_386,47,Engineering,111797,2011-01-03
387,Name_387,55,Engineering,58443,2010-03-03
388,Name_388,39,Engineering,53962,2010-07-28
389,Name_389,32,Engineering,59124,2011-04-19
390,Name_390,38,Sales,74299,2011-05-21
391,Name_391,30,HR,89878,2021-02-14
392,Name_392,54,Marketing,72918,2012-08-18
393,Name_393,53,Marketing,83112,2022-01-03
394,Name_394,23,Engineering,108956,2013-07-29
395,Name_395,32,Sales,113071,2016-10-02
396,Name_396,56,Marketing,77500,2012-08-04
397,Name_397,21,Marketing,108300,2017-07-13
398,Name_398,20,HR,84431,2019-03-26
399,Name_399,59,Engineering,73050,2016-01-05
400,Name_400,44,HR,54893,2022-05-13
401,Name_401,56,HR,112305,2017-05-15
402,Name_402,55,Engineering,84032,2018-04-22
403,Name_403,25,Sales,51549,2022-04-15
404,Name_404,26,HR,97155,2011-06-01
405,Name_405,23,Marketing,75707,2022-04-17
406,Name_406,54,Engineering,93762,2018-03-13
407,Name_407,53,Sales,119541,2020-05-14
408,Name_408,48,Sales,67060,2018-04-29
409,Name_409,24,Sales,102133,2019-07-10
410,Name_410,46,Marketing,62747,2021-06-20
411,Name_411,52,HR,66878,2018-06-23
412,Name_412,29,HR,79968,2021-07-10
413,Name_413,25,Marketing,86357,2015-08-13
414,Name_414,53,Marketing,76179,2019-02-11
415,Name_415,27,Sales,90102,2014-12-07
416,Name_416,50,Sales,56238,2010-05-30
417,Name_417,28,HR,96879,2014-01-28
418,Name_418,40,Engineering,113914,2011-08-14
419,Name_419,27,HR,90213,2015-06-27
420,Name_420,23,HR,87857,2020-01-23
421,Name_421,41,HR,75631,2013-01-05
422,Name_422,47,HR,66979,2018-10-24
423,Name_423,23,Engineering,81810,2019-10-03
424,Name_424,58,Marketing,115394,2018-05-23
425,Name_425,40,HR,69219,2010-11-28
426,Name_426,27,Marketing,81293,2021-02-19
427,Name_427,39,Engineering,50609,2022-04-01
428,Name_428,51,Marketing,62012,2016-05-13
429,Name_429,20,Engineering,64823,2011-09-10
430,Name_430,25,Engineering,95968,2019-06-01
431,Name_431,47,HR,82848,2018-03-28
432,Name_432,50,Engineering,52558,2012-05-29
433,Name_433,29,Sales,59350,2019-04-29
434,Name_434,39,Marketing,80148,2012-06-24
435,Name_435,27,HR,92654,2017-08-26
436,Name_436,41,Sales,95644,2018-10-16
437,Name_437,57,Marketing,54789,2022-03-24
438,Name_438,48,Sales,78065,2011-09-08
439,Name_439,28,HR,58824,2017-02-07
440,Name_440,20,Marketing,69610,2013-08-17
441,Name_441,58,Marketing,56382,2011-09-11
442,Name_442,45,Engineering,109917,2015-06-16
443,Name_443,30,Sales,80655,2015-12-28
444,Name_444,54,Sales,69006,2018-02-18
445,Name_445,43,Marketing,119013,2011-04-24
446,Name_446,52,Sales,50107,2020-12-24
447,Name_447,39,Marketing,109185,2012-05-03
448,Name_448,46,Marketing,87913,2014-11-29
449,Name_449,34,Engineering,99420,2014-03-11
450,Name_450,52,Marketing,114431,2012-08-14
451,Name_451,26,Sales,91725,2011-08-18
452,Name_452,53,HR,115609,2019-09-19
453,Name_453,24,Engineering,104416,2020-11-23
454,Name_454,49,HR,116911,2011-09-08
455,Name_455,47,Marketing,90798,2012-11-14
456,Name_456,37,Engineering,53301,2017-10-13
457,Name_457,55,Engineering,85110,2020-08-28
458,Name_458,22,Marketing,68108,2018-09-15
459,Name_459,40,Sales,99670,2017-02-27
460,Name_460,35,Marketing,99783,2016-11-22
461,Name_461,56,Marketing,77841,2018-11-04
462,Name_462,24,Marketing,109005,2020-11-13
463,Name_463,33,Marketing,92752,2013-05-15
464,Name_464,50,Marketing,61990,2016-04-23
465,Name_465,43,Sales,69620,2017-01-19
466,Name_466,54,Engineering,113729,2019-07-22
467,Name_467,55,Sales,61118,2011-11-04
468,Name_468,29,Marketing,101102,2012-02-05
469,Name_469,46,Engineering,104836,2010-07-17
470,Name_470,46,Engineering,98724,2015-05-05
471,Name_471,42,Engineering,111758,2018-09-13
472,Name_472,32,HR,83421,2014-03-03
473,Name_473,35,Sales,116040,2022-03-28
474,Name_474,54,Sales,115903,2018-02-22
475,Name_475,46,Sales,75353,2012-11-20
476,Name_476,58,Marketing,102379,2020-02-11
477,Name_477,36,Sales,116533,2019-09-12
478,Name_478,20,HR,80242,2019-02-19
479,Name_479,30,HR,88726,2019-02-04
480,Name_480,31,Sales,63737,2022-03-27
481,Name_481,33,HR,96117,2017-04-05
482,Name_482,27,Sales,95062,2018-11-23
483,Name_483,50,HR,71077,2022-10-24
484,Name_484,26,Engineering,55123,2014-04-12
485,Name_485,50,Engineering,109805,2014-02-12
486,Name_486,35,Marketing,88170,2019-07-03
487,Name_487,58,Engineering,70560,2017-10-06
488,Name_488,38,Marketing,108531,2018-07-09
489,Name_489,27,Engineering,107337,2020-09-22
490,Name_490,48,HR,50969,2010-02-10
491,Name_491,21,Marketing,62387,2018-10-07
492,Name_492,22,HR,63209,2012-05-07
493,Name_493,48,HR,100815,2012-03-09
494,Name_494,34,Marketing,102378,2013-12-20
495,Name_495,57,Engineering,101483,2017-12-06
496,Name_496,47,Engineering,109524,2013-11-05
497,Name_497,56,HR,76727,2017-11-18
498,Name_498,51,Sales,117825,2020-09-20
499,Name_499,49,Sales,86631,2019-09-12
500,Name_500,49,Marketing,57531,2021-02-08
501,Name_501,53,HR,67942,2013-08-10
502,Name_502,32,Marketing,54078,2020-04-06
503,Name_503,52,Marketing,89979,2011-11-04
504,Name_504,36,Engineering,116445,2012-01-24
505,Name_505,22,Engineering,78817,2012-02-07
506,Name_506,28,HR,60002,2018-02-08
507,Name_507,30,Sales,91712,2019-07-24
508,Name_508,46,Engineering,55250,2022-04-11
509,Name_509,47,Marketing,53819,2011-02-26
510,Name_510,21,Sales,104479,2019-07-29
511,Name_511,20,Engineering,88451,2019-09-26
512,Name_512,25,Marketing,50215,2022-08-17
513,Name_513,44,Engineering,61071,2022-08-25
514,Name_514,54,Engineering,69614,2013-02-08
515,Name_515,35,Engineering,93868,2019-10-23
516,Name_516,23,Marketing,81662,2015-05-14
517,Name_517,57,Marketing,81918,2017-09-17
518,Name_518,39,Engineering,77821,2022-10-07
519,Name_519,44,Marketing,78932,2015-02-23
520,Name_520,26,Engineering,104132,2011-12-13
521,Name_521,40,HR,112836,2014-09-20
522,Name_522,26,Sales,74639,2019-04-17
523,Name_523,48,Marketing,95330,2011-04-28
524,Name_524,26,Engineering,119751,2020-01-14
525,Name_525,22,Engineering,61977,2011-10-26
526,Name_526,48,HR,119005,2018-02-27
527,Name_527,48,Engineering,69022,2012-07-18
528,Name_528,58,Sales,72888,2012-06-21
529,Name_529,57,Marketing,115613,2015-09-04
530,Name_530,25,HR,106969,2022-06-04
531,Name_531,29,Engineering,111358,2010-12-25
532,Name_532,56,Engineering,96309,2022-06-20
533,Name_533,33,Engineering,111085,2011-10-27
534,Name_534,41,HR,76601,2014-10-24
535,Name_535,51,Marketing,94752,2014-03-22
536,Name_536,37,Sales,87874,2018-03-12
537,Name_537,55,Sales,56515,2018-02-17
538,Name_538,28,Engineering,92098,2016-03-04
539,Name_539,45,Engineering,85087,2018-08-12
540,Name_540,41,Marketing,96361,2019-10-08
541,Name_541,57,Engineering,114476,2010-01-29
542,Name_542,42,Sales,68267,2013-11-24
543,Name_543,36,Marketing,78780,2018-07-06
544,Name_544,45,HR,116395,2011-10-10
545,Name_545,57,HR,62764,2021-04-30
546,Name_546,21,Marketing,78775,2017-10-15
547,Name_547,25,Engineering,74675,2022-04-06
548,Name_548,26,Sales,105710,2010-07-02
549,Name_549,32,Marketing,82681,2015-01-19
550,Name_550,46,Marketing,95449,2013-12-10
551,Name_551,30,Engineering,100038,2021-06-14
552,Name_552,34,Sales,75396,2018-06-23
553,Name_553,28,Sales,110241,2017-03-09
554,Name_554,27,HR,80642,2020-11-29
555,Name_555,25,HR,59654,2015-10-18
556,Name_556,23,Marketing,82698,2018-12-20
557,Name_557,30,Sales,67739,2020-11-14
558,Name_558,47,Engineering,89225,2019-10-19
559,Name_559,45,Engineering,74250,2019-07-28
560,Name_560,23,Marketing,110364,2011-05-26
561,Name_561,34,Marketing,93277,2014-06-28
562,Name_562,38,Sales,67352,2013-06-25
563,Name_563,25,Engineering,83000,2021-07-26
564,Name_564,24,HR,69756,2019-08-02
565,Name_565,37,HR,69682,2013-10-17
566,Name_566,25,HR,92699,2017-07-20
567,Name_567,50,Sales,110247,2019-10-02
568,Name_568,44,Sales,80926,2015-09-16
569,Name_569,23,Marketing,65926,2013-11-13
570,Name_570,25,Engineering,74242,2014-11-23
571,Name_571,56,HR,50043,2012-10-06
572,Name_572,44,Engineering,68553,2021-10-27
573,Name_573,53,Sales,79871,2021-09-26
574,Name_574,38,Engineering,53244,2016-11-12
575,Name_575,53,HR,101977,2015-01-09
576,Name_576,34,Engineering,83283,2016-01-18
577,Name_577,27,HR,108761,2012-06-16
578,Name_578,53,Sales,115268,2013-04-14
579,Name_579,37,Marketing,105809,2020-04-04
580,Name_580,49,HR,55414,2019-03-25
581,Name_581,32,Marketing,88864,2022-03-19
582,Name_582,52,HR,94466,2011-03-03
583,Name_583,54,Marketing,88742,2020-07-03
584,Name_584,43,Sales,113534,2019-12-10
585,Name_585,45,Engineering,81715,2012-09-26
586,Name_586,20,HR,59047,2020-05-30
587,Name_587,32,HR,58997,2014-06-30
588,Name_588,29,HR,94893,2014-04-26
589,Name_589,38,Sales,62013,2017-04-22
590,Name_590,24,HR,107426,2022-03-23
591,Name_591,27,Sales,101713,2019-08-01
592,Name_592,23,Marketing,86297,2017-12-18
593,Name_593,32,Engineering,97578,2022-06-11
594,Name_594,57,Marketing,54272,2012-12-04
595,Name_595,38,Engineering,89759,2018-01-20
596,Name_596,27,Engineering,96481,2019-11-16
597,Name_597,46,Marketing,74830,2018-12-28
598,Name_598,49,HR,88299,2022-01-23
599,Name_599,23,HR,76340,2011-05-17
600,Name_600,30,Marketing,60505,2019-04-14
601,Name_601,40,Sales,95801,2011-12-26
602,Name_602,21,Engineering,58205,2019-11-02
603,Name_603,40,Engineering,70917,2012-03-20
604,Name_604,36,Engineering,106646,2013-04-13
605,Name_605,48,Engineering,108122,2017-07-26
606,Name_606,46,Engineering,70601,2019-02-08
607,Name_607,43,HR,116859,2011-12-14
608,Name_608,22,Sales,78261,2013-08-28
609,Name_609,58,Engineering,112853,2014-11-16
610,Name_610,29,Sales,51268,2010-10-31
611,Name_611,22,Marketing,71263,2017-01-11
612,Name_612,45,Sales,108382,2010-09-06
613,Name_613,56,HR,60709,2022-01-26
614,Name_614,46,Sales,74576,2021-06-13
615,Name_615,24,Sales,71795,2013-01-15
616,Name_616,30,Marketing,72113,2010-01-20
617,Name_617,32,Engineering,69854,2020-04-13
618,Name_618,53,Sales,100950,2019-10-20
619,Name_619,57,HR,107944,2022-03-12
620,Name_620,59,Marketing,94534,2013-09-28
621,Name_621,52,Sales,71507,2016-08-06
622,Name_622,53,Sales,116884,2014-11-16
623,Name_623,46,Marketing,83893,2021-05-26
624,Name_624,55,HR,106159,2018-02-13
625,Name_625,45,HR,101099,2013-05-18
626,Name_626,44,HR,54722,2020-06-20
627,Name_627,38,Sales,76601,2016-11-28
628,Name_628,40,Sales,91385,2017-06-14
629,Name_629,50,HR,90831,2019-07-29
630,Name_630,48,Engineering,77025,2017-09-10
631,Name_631,28,HR,73208,2014-09-04
632,Name_632,38,Marketing,57661,2015-10-01
633,Name_633,45,Sales,56950,2018-05-04
634,Name_634,44,Marketing,98682,2011-04-12
635,Name_635,59,Marketing,96363,2016-10-22
636,Name_636,48,Engineering,113394,2015-06-23
637,Name_637,44,Engineering,99898,2020-07-03
638,Name_638,38,HR,88956,2022-01-21
639,Name_639,23,Engineering,50564,2016-10-13
640,Name_640,39,Sales,115227,2013-06-10
641,Name_641,20,Sales,119713,2019-05-15
642,Name_642,30,Sales,116247,2010-05-13
643,Name_643,23,Sales,50106,2017-07-07
644,Name_644,26,Sales,83522,2011-05-06
645,Name_645,47,HR,84395,2012-02-24
646,Name_646,55,Sales,79856,2012-12-13
647,Name_647,26,HR,83705,2015-06-29
648,Name_648,39,Marketing,61474,2011-12-08
649,Name_649,54,Marketing,87277,2021-03-01
650,Name_650,58,Engineering,82653,2012-08-10
651,Name_651,40,Sales,86850,2022-05-02
652,Name_652,20,Marketing,70534,2012-01-20
653,Name_653,56,HR,110296,2012-11-05
654,Name_654,22,HR,106345,2019-05-19
655,Name_655,53,HR,95553,2019-05-10
656,Name_656,32,Engineering,110944,2016-08-05
657,Name_657,35,HR,96641,2022-12-23
658,Name_658,53,Engineering,53134,2016-09-17
659,Name_659,43,HR,92070,2011-10-15
660,Name_660,32,Engineering,116933,2021-07-12
661,Name_661,25,Engineering,81928,2019-03-27
662,Name_662,58,Marketing,77181,2015-02-10
663,Name_663,21,Marketing,117361,2017-07-14
664,Name_664,30,HR,67086,2012-09-15
665,Name_665,26,Marketing,73044,2022-03-28
666,Name_666,26,Engineering,54733,2014-10-26
667,Name_667,58,Engineering,87964,2015-07-18
668,Name_668,58,Sales,93404,2013-08-14
669,Name_669,31,Sales,107088,2011-09-15
670,Name_670,41,Engineering,117305,2011-02-05
671,Name_671,22,Marketing,106673,2015-09-15
672,Name_672,32,Engineering,82371,2015-03-14
673,Name_673,49,HR,111249,2014-07-12
674,Name_674,29,Sales,62486,2013-01-10
675,Name_675,28,Sales,113610,2015-09-17
676,Name_676,25,Marketing,106614,2022-08-15
677,Name_677,21,Engineering,114596,2016-01-29
678,Name_678,35,Sales,107322,2019-05-11
679,Name_679,32,Marketing,52982,2014-03-18
680,Name_680,32,Sales,115186,2010-12-21
681,Name_681,41,Marketing,79386,2018-08-21
682,Name_682,38,Sales,60024,2011-07-08
683,Name_683,45,HR,82808,2010-11-07
684,Name_684,33,Sales,106484,2014-09-08
685,Name_685,50,Engineering,76722,2014-06-17
686,Name_686,48,Marketing,95627,2015-04-04
687,Name_687,41,Marketing,109993,2017-10-28
688,Name_688,26,Sales,57295,2020-08-14
689,Name_689,56,Engineering,79626,2016-03-05
690,Name_690,46,Sales,51311,2013-06-20
691,Name_691,50,Sales,118400,2010-02-23
692,Name_692,25,Sales,109518,2013-01-06
693,Name_693,35,HR,111760,2014-08-25
694,Name_694,57,Marketing,82293,2016-11-15
695,Name_695,57,Engineering,103751,2016-08-18
696,Name_696,51,HR,68087,2012-06-23
697,Name_697,52,HR,71516,2015-09-26
698,Name_698,36,Sales,54466,2020-02-20
699,Name_699,52,Sales,82731,2010-09-28
700,Name_700,30,Sales,71423,2016-04-23
701,Name_701,32,Marketing,83292,2022-05-28
702,Name_702,49,Sales,105279,2011-05-01
703,Name_703,20,HR,99809,2016-02-09
704,Name_704,49,Marketing,72951,2018-02-01
705,Name_705,46,HR,58095,2014-12-31
706,Name_706,59,Marketing,55789,2019-01-30
707,Name_707,42,Marketing,89351,2014-04-26
708,Name_708,39,Marketing,85265,2011-11-12
709,Name_709,25,HR,64848,2015-04-12
710,Name_710,56,Marketing,58983,2012-07-11
711,Name_711,39,HR,55005,2020-03-30
712,Name_712,56,Engineering,82904,2015-05-25
713,Name_713,25,HR,52258,2021-09-21
714,Name_714,48,HR,94813,2014-04-03
715,Name_715,32,Marketing,64728,2011-10-01
716,Name_716,46,Marketing,74987,2016-06-05
717,Name_717,39,Sales,89262,2021-10-31
718,Name_718,32,Engineering,50972,2020-11-09
719,Name_719,58,Engineering,53920,2019-01-07
720,Name_720,27,Sales,50746,2022-04-14
721,Name_721,36,HR,116504,2018-12-13
722,Name_722,49,HR,93901,2014-01-14
723,Name_723,20,Marketing,55066,2019-07-29
724,Name_724,43,Engineering,117471,2016-12-11
725,Name_725,35,Marketing,80692,2021-01-31
726,Name_726,30,Sales,105023,2017-10-11
727,Name_727,23,Engineering,102032,2013-05-24
728,Name_728,23,Marketing,102116,2019-06-13
729,Name_729,36,Engineering,94207,2011-07-18
730,Name_730,29,Engineering,111793,2011-11-11
731,Name_731,40,Marketing,85864,2022-09-07
732,Name_732,57,Marketing,110114,2020-03-21
733,Name_733,37,Engineering,80504,2012-05-18
734,Name_734,29,Sales,64473,2021-08-17
735,Name_735,35,HR,88895,2014-02-15
736,Name_736,58,Engineering,99449,2016-12-31
737,Name_737,34,Sales,80483,2018-08-17
738,Name_738,53,Engineering,73254,2019-11-01
739,Name_739,24,Marketing,92307,2011-06-08
740,Name_740,36,Sales,94159,2014-09-24
741,Name_741,56,Sales,64039,2017-02-11
742,Name_742,27,Engineering,55144,2013-04-08
743,Name_743,43,HR,83628,2012-11-24
744,Name_744,47,Engineering,88949,2010-07-29
745,Name_745,27,HR,79522,2022-05-20
746,Name_746,42,Sales,55994,2018-08-09
747,Name_747,54,HR,60787,2018-10-09
748,Name_748,50,Marketing,66359,2021-06-19
749,Name_749,36,HR,99507,2018-04-09
750,Name_750,47,HR,106385,2014-08-31
751,Name_751,31,Sales,96740,2010-08-02
752,Name_752,43,HR,55349,2021-07-05
753,Name_753,34,Sales,63102,2020-12-16
754,Name_754,59,Marketing,82859,2013-11-06
755,Name_755,50,Marketing,109454,2017-02-16
756,Name_756,46,Engineering,58689,2017-06-18
757,Name_757,54,Engineering,60830,2021-03-02
758,Name_758,37,Engineering,65707,2021-07-05
759,Name_759,55,Marketing,96788,2014-02-06
760,Name_760,27,HR,82553,2020-08-18
761,Name_761,57,Sales,60732,2019-10-12
762,Name_762,24,Marketing,89323,2011-12-10
763,Name_763,33,HR,98781,2020-04-22
764,Name_764,57,Engineering,89168,2011-04-01
765,Name_765,39,Sales,60058,2021-04-12
766,Name_766,28,Engineering,52781,2010-12-11
767,Name_767,52,Sales,50846,2019-01-26
768,Name_768,37,HR,116688,2014-09-25
769,Name_769,25,Marketing,69712,2022-07-31
770,Name_770,56,Engineering,56240,2015-06-11
771,Name_771,21,Marketing,66139,2010-12-20
772,Name_772,49,HR,72557,2020-08-07
773,Name_773,25,HR,59502,2013-09-17
774,Name_774,36,HR,77410,2021-01-19
775,Name_775,58,Marketing,87482,2020-09-07
776,Name_776,42,Marketing,74592,2013-06-23
777,Name_777,50,Sales,76487,2013-01-30
778,Name_778,39,Marketing,94369,2020-09-16
779,Name_779,24,Marketing,96283,2014-03-08
780,Name_780,40,HR,75676,2014-04-11
781,Name_781,30,Sales,76524,2016-10-19
782,Name_782,23,Marketing,68166,2017-10-29
783,Name_783,42,Marketing,93853,2020-12-19
784,Name_784,57,HR,93962,2012-02-04
785,Name_785,49,Marketing,93641,2018-03-26
786,Name_786,37,HR,60091,2015-01-09
787,Name_787,50,Sales,78825,2018-06-12
788,Name_788,49,HR,72639,2017-10-03
789,Name_789,53,HR,67944,2010-01-14
790,Name_790,50,Sales,70229,2014-12-09
791,Name_791,57,Engineering,63346,2021-02-06
792,Name_792,44,HR,53627,2016-08-07
793,Name_793,36,Marketing,91935,2011-02-13
794,Name_794,55,HR,59019,2018-01-07
795,Name_795,59,Sales,57665,2012-06-06
796,Name_796,49,Marketing,56508,2017-06-11
797,Name_797,21,Sales,67932,2013-12-03
798,Name_798,43,HR,107989,2018-01-21
799,Name_799,28,Sales,51660,2017-05-05
800,Name_800,20,Sales,81391,2011-01-02
801,Name_801,43,Engineering,113330,2012-09-22
802,Name_802,57,HR,80227,2018-08-25
803,Name_803,46,HR,56741,2022-12-28
804,Name_804,45,HR,52863,2011-09-05
805,Name_805,45,HR,52042,2012-04-07
806,Name_806,26,Marketing,102998,2014-01-29
807,Name_807,44,Sales,82836,2012-08-13
808,Name_808,35,HR,71705,2013-09-30
809,Name_809,57,Marketing,115048,2015-11-07
810,Name_810,37,HR,74480,2021-06-27
811,Name_811,36,Sales,70955,2020-09-10
812,Name_812,25,HR,84064,2010-07-24
813,Name_813,39,Marketing,51762,2013-01-15
814,Name_814,42,Marketing,67436,2021-10-13
815,Name_815,31,Sales,85441,2018-07-02
816,Name_816,31,HR,57013,2019-04-29
817,Name_817,53,Marketing,60841,2014-07-24
818,Name_818,27,Engineering,108059,2019-10-28
819,Name_819,46,HR,101789,2011-02-28
820,Name_820,27,Engineering,110088,2010-09-06
821,Name_821,52,Marketing,104750,2014-01-10
822,Name_822,56,Marketing,106581,2010-03-04
823,Name_823,38,Sales,109421,2020-02-02
824,Name_824,43,Sales,111889,2016-05-20
825,Name_825,41,HR,102378,2013-10-21
826,Name_826,22,Marketing,83767,2021-11-05
827,Name_827,28,Marketing,68855,2019-08-05
828,Name_828,30,Marketing,98737,2015-04-30
829,Name_829,25,Marketing,82873,2013-09-22
830,Name_830,58,Engineering,64445,2019-01-26
831,Name_831,58,Marketing,80624,2018-09-22
832,Name_832,56,Sales,104710,2017-06-06
833,Name_833,21,HR,85200,2019-08-22
834,Name_834,56,HR,99763,2013-01-09
835,Name_835,25,HR,74346,2010-01-08
836,Name_836,25,Engineering,82271,2019-07-12
837,Name_837,58,Marketing,73025,2013-06-19
838,Name_838,55,HR,114362,2011-07-05
839,Name_839,44,Sales,104160,2017-02-10
840,Name_840,35,Engineering,112324,2014-07-08
841,Name_841,40,Marketing,75670,2014-06-26
842,Name_842,29,Marketing,77384,2014-01-16
843,Name_843,24,Marketing,95564,2019-01-12
844,Name_844,44,Marketing,94865,2020-10-01
845,Name_845,50,Engineering,117809,2021-01-11
846,Name_846,22,Sales,85396,2019-02-05
847,Name_847,39,Marketing,68270,2019-04-01
848,Name_848,23,Engineering,79691,2022-09-13
849,Name_849,33,Engineering,68767,2020-07-02
850,Name_850,31,Sales,104399,2019-04-23
851,Name_851,33,Engineering,103525,2014-10-20
852,Name_852,56,Engineering,119497,2013-12-16
853,Name_853,37,HR,92086,2015-05-06
854,Name_854,46,HR,113242,2013-06-28
855,Name_855,26,Sales,62560,2018-03-13
856,Name_856,54,HR,117586,2015-05-22
857,Name_857,41,Engineering,99853,2011-09-08
858,Name_858,40,Engineering,105470,2014-07-31
859,Name_859,37,Sales,104382,2014-12-16
860,Name_860,57,Engineering,64231,2011-02-28
861,Name_861,45,Sales,119309,2015-07-07
862,Name_862,41,HR,104831,2021-12-03
863,Name_863,56,HR,110251,2019-10-01
864,Name_864,24,Marketing,100176,2011-09-09
865,Name_865,54,HR,50163,2020-02-05
866,Name_866,31,Marketing,55999,2022-11-19
867,Name_867,54,Marketing,85764,2022-05-31
868,Name_868,53,Marketing,66362,2018-09-19
869,Name_869,39,Engineering,92646,2015-07-02
870,Name_870,31,Marketing,86481,2016-02-18
871,Name_871,53,HR,50259,2013-07-03
872,Name_872,45,Sales,55236,2022-03-24
873,Name_873,53,HR,107508,2022-07-11
874,Name_874,51,Sales,105722,2022-12-07
875,Name_875,26,HR,96100,2011-03-18
876,Name_876,45,Sales,95797,2012-04-30
877,Name_877,44,HR,102483,2017-03-14
878,Name_878,58,Sales,78499,2014-06-26
879,Name_879,36,Marketing,112615,2018-07-04
880,Name_880,43,Sales,67054,2018-12-30
881,Name_881,46,Marketing,64215,2018-05-03
882,Name_882,23,HR,99066,2011-08-30
883,Name_883,46,Sales,90452,2020-05-05
884,Name_884,49,Sales,87068,2022-12-20
885,Name_885,22,HR,65983,2021-10-22
886,Name_886,25,Marketing,115276,2011-01-01
887,Name_887,27,Marketing,99579,2011-06-01
888,Name_888,35,Engineering,78341,2015-10-14
889,Name_889,34,Engineering,87102,2013-12-15
890,Name_890,55,Engineering,111066,2019-12-24
891,Name_891,59,Sales,85571,2020-04-20
892,Name_892,27,Sales,74619,2018-11-30
893,Name_893,58,Sales,109142,2011-04-14
894,Name_894,49,HR,83479,2019-09-05
895,Name_895,31,Engineering,97616,2012-11-12
896,Name_896,23,HR,75139,2021-06-11
897,Name_897,33,Engineering,114352,2017-10-19
898,Name_898,44,Engineering,114535,2018-06-30
899,Name_899,24,Sales,113175,2011-02-09
900,Name_900,42,Marketing,95856,2016-10-26
901,Name_901,49,Engineering,66386,2011-08-05
902,Name_902,58,Marketing,74230,2022-06-21
903,Name_903,31,HR,118876,2022-02-27
904,Name_904,34,Sales,117136,2016-04-19
905,Name_905,38,Engineering,84778,2011-12-07
906,Name_906,45,Sales,54227,2019-08-10
907,Name_907,23,HR,92214,2022-08-27
908,Name_908,57,Marketing,109846,2012-04-15
909,Name_909,27,Sales,105700,2012-10-30
910,Name_910,49,Sales,87690,2011-07-21
911,Name_911,34,Engineering,119300,2017-07-06
912,Name_912,31,Marketing,119178,2018-05-27
913,Name_913,29,HR,72098,2012-04-03
914,Name_914,31,Engineering,60553,2021-09-20
915,Name_915,36,Sales,98811,2019-04-01
916,Name_916,59,Sales,77869,2021-01-04
917,Name_917,21,Marketing,96159,2021-03-02
918,Name_918,38,HR,90025,2014-01-31
919,Name_919,48,HR,66877,2020-08-16
920,Name_920,20,Sales,61253,2013-11-07
921,Name_921,41,HR,55400,2022-10-20
922,Name_922,44,Engineering,87220,2022-01-07
923,Name_923,29,Marketing,50889,2018-03-02
924,Name_924,28,Sales,110224,2019-10-16
925,Name_925,38,HR,80141,2021-04-11
926,Name_926,31,HR,59740,2016-06-28
927,Name_927,48,Engineering,62998,2011-07-24
928,Name_928,37,HR,104176,2020-03-28
929,Name_929,35,Engineering,53187,2022-07-27
930,Name_930,23,Marketing,117249,2010-09-01
931,Name_931,44,Sales,109789,2018-07-28
932,Name_932,41,Engineering,50075,2013-02-18
933,Name_933,48,HR,69473,2016-01-14
934,Name_934,41,HR,78119,2012-08-14
935,Name_935,34,Marketing,50330,2016-03-25
936,Name_936,21,Engineering,56772,2017-11-03
937,Name_937,32,Sales,69701,2021-11-06
938,Name_938,31,HR,67254,2014-01-29
939,Name_939,45,Engineering,88365,2019-01-03
940,Name_940,59,HR,119063,2012-02-15
941,Name_941,31,Sales,67344,2021-01-02
942,Name_942,46,Engineering,64144,2013-08-02
943,Name_943,54,HR,85779,2011-03-02
944,Name_944,21,Sales,77398,2013-08-06
945,Name_945,36,Engineering,53068,2010-05-01
946,Name_946,21,Engineering,118999,2013-06-30
947,Name_947,36,Marketing,57629,2013-11-11
948,Name_948,53,Sales,82850,2012-01-07
949,Name_949,53,Engineering,76129,2022-01-23
950,Name_950,58,Marketing,53843,2016-09-17
951,Name_951,28,Engineering,94158,2016-09-15
952,Name_952,33,HR,103548,2011-04-17
953,Name_953,39,Marketing,105601,2020-02-12
954,Name_954,52,Engineering,65498,2010-02-28
955,Name_955,43,HR,108539,2018-05-03
956,Name_956,24,HR,71199,2013-11-21
957,Name_957,51,HR,85942,2014-09-05
958,Name_958,42,Marketing,90419,2017-12-05
959,Name_959,20,HR,105634,2010-04-29
960,Name_960,57,Sales,111181,2022-05-02
961,Name_961,51,Engineering,67781,2014-09-06
962,Name_962,35,Sales,83692,2010-06-30
963,Name_963,39,HR,71435,2020-09-29
964,Name_964,35,HR,56369,2012-06-09
965,Name_965,32,Sales,71593,2011-01-27
966,Name_966,30,Marketing,115994,2015-03-18
967,Name_967,36,HR,100601,2012-11-13
968,Name_968,26,HR,78339,2015-10-19
969,Name_969,41,Sales,77970,2012-03-15
970,Name_970,50,HR,68055,2022-09-16
971,Name_971,23,HR,58504,2017-03-09
972,Name_972,36,Marketing,97141,2016-01-19
973,Name_973,20,Marketing,88318,2018-08-22
974,Name_974,21,Marketing,71715,2021-12-03
975,Name_975,52,Marketing,118998,2018-10-04
976,Name_976,38,Marketing,100568,2018-08-26
977,Name_977,38,HR,89932,2015-01-28
978,Name_978,42,Engineering,106021,2020-09-03
979,Name_979,35,HR,98507,2018-06-25
980,Name_980,35,HR,70719,2021-07-20
981,Name_981,48,Engineering,104211,2018-03-06
982,Name_982,27,Sales,67128,2011-12-22
983,Name_983,47,Engineering,66809,2010-02-10
984,Name_984,44,Marketing,53135,2019-10-19
985,Name_985,44,HR,87945,2022-07-30
986,Name_986,32,Marketing,57780,2011-03-02
987,Name_987,33,Engineering,89463,2013-12-17
988,Name_988,38,Sales,87569,2018-12-21
989,Name_989,34,Sales,92419,2013-05-07
990,Name_990,34,HR,100088,2011-01-03
991,Name_991,40,Engineering,113561,2013-07-28
992,Name_992,27,Marketing,85335,2019-03-16
993,Name_993,47,Marketing,58547,2021-10-03
994,Name_994,35,Sales,110335,2010-02-07
995,Name_995,43,HR,75285,2012-07-10
996,Name_996,31,Engineering,73418,2014-12-14
997,Name_997,33,Marketing,87379,2019-06-13
998,Name_998,49,Sales,68706,2015-04-28
999,Name_999,51,HR,88819,2013-12-29
1000,Name_1000,38,Sales,64697,2022-12-13
